window,strategy,seed,cumulative_return,cagr,ann_vol,var_95,cvar_95,mdd,sharpe,sortino,calmar,alpha,beta,information_ratio
1,drl_simple,0.0,0.1498353217622234,0.14983532176222347,0.07607415780551978,0.007143777935504914,0.010867730100911398,0.05011297257201376,1.580565777864775,2.081002437741097,2.989950786633259,0.0006543993289015978,0.5552300587450218,-1.6804116447621091
1,drl_simple,1.0,0.14516996172131202,0.14516996172131202,0.07109379006108935,0.007043614238351583,0.00975055240684977,0.04741588502681089,1.6341025120297163,2.3364462077950385,3.061631384487012,0.011773569166394857,0.49455924513979366,-1.5823882412230341
1,drl_simple,2.0,0.11690888073236366,0.11690888073236372,0.07484460388315092,0.00638488360542804,0.012189820832816455,0.05435992319712104,1.21834325774827,1.3888489233245562,2.150644700295591,-0.024566502445420975,0.539915799780699,-2.067101689751077
1,drl_sharpe,0.0,0.09589929519013231,0.0958992951901323,0.0704534589236014,0.006867929270304739,0.01054360376390127,0.03894114480941385,1.0247442525931405,1.3406962640198492,2.462672724684485,-0.03466180147827703,0.5043785789102828,-2.267552069679197
1,drl_sharpe,1.0,0.12988007755029965,0.12988007755029973,0.06789724959100349,0.0062041384910419585,0.009837169065441078,0.039586946888805555,1.5130653804576568,2.0352120065833,3.280881395453797,-0.005723965667506737,0.5107648234310871,-1.9386408204338021
1,drl_sharpe,2.0,0.17123819578172236,0.1712381957817224,0.0699193603337125,0.006451218510530889,0.009529003379895137,0.03480905891536532,1.9834699903347721,2.7913644684346504,4.9193572339335745,0.028539418806719733,0.5175035730655564,-1.3799518494843916
1,drl_mdd_penalty,0.0,0.16841339797399862,0.16841339797399857,0.06899497508022544,0.0060708043939992785,0.00987950812303103,0.042469244192713695,1.9750457914074406,2.6391846775389434,3.965537912796025,0.030554830322979634,0.49980305317916446,-1.3631198056854152
1,drl_mdd_penalty,1.0,0.14646985189132292,0.146469851891323,0.06887968565703936,0.00619600389778614,0.009252887853980065,0.040755183020349875,1.703100164111052,2.454642679125162,3.59389508368022,0.012834949348688366,0.49485124658962076,-1.616372965534617
1,drl_mdd_penalty,2.0,0.1592894823947048,0.15928948239470486,0.07194244190218156,0.006398897191733121,0.010528165218291375,0.034254828681852145,1.7851601312824712,2.2787549754728453,4.650132215639858,0.013944403448859322,0.5348473444025601,-1.5662634844873937
1,mvo,,0.1298689853448699,0.1298689853448698,0.037294105584545614,0.003581597501619311,0.004747116515741541,0.019041144439447093,2.7544074049590224,4.3019233483276045,6.820440113663717,0.11184080079639797,0.04099721498375714,-1.085269404117695
1,equal_weight,,0.1992471068882864,0.1992471068882864,0.06706193839665305,0.006163319197248439,0.009241663145434313,0.03288809796149284,2.4203807643691597,3.3758141690541588,6.058334754462713,0.05547376106101587,0.5043109995390106,-1.030023611947764
1,spy,,0.28438812911182987,0.28438812911183,0.1169441427886919,0.010371354731020294,0.018680141331520725,0.06618346114928517,1.9744803978819914,2.362473657126598,4.296966706989781,,,
2,drl_simple,0.0,-0.1700119793849906,-0.7385930475806705,0.3523287560835829,0.05060503267429769,0.07757032711468637,0.1891668168121531,-3.8630267357703305,-3.4453336936993972,-3.9044535401476357,0.13978833616542763,0.7112973294072497,3.866423600620806
2,drl_simple,1.0,-0.1831651776275223,-0.7669942945018919,0.3235448738930445,0.043222700504958626,0.07121599982231855,0.1861591730819109,-4.562182809715004,-4.064738910210394,-4.120099384865719,-0.14196099847679172,0.6312432314319453,2.7227449820956875
2,drl_simple,2.0,-0.1895840401654074,-0.77986074459553,0.3756087095955809,0.05097007130339741,0.08119159847870469,0.20738928380011912,-4.081038159797032,-3.8157896785516665,-3.7603714632968037,0.09869623207849085,0.7740629151982188,3.5453847200897974
2,drl_sharpe,0.0,-0.1939639343921006,-0.7882847136126532,0.31363240713148727,0.044436318004876366,0.07097618050314486,0.19770370721021557,-5.0118909371952025,-4.615532847323546,-3.9872024897058767,-0.22302260331467882,0.6383294614571849,2.54508845718197
2,drl_sharpe,1.0,-0.1578683885175841,-0.7097743558343053,0.2928616220991957,0.04263157085448503,0.06171090985387564,0.17232267281447006,-4.290337154665885,-4.027989125425824,-4.1188680760452145,0.03317413649920911,0.6098963068643978,4.057007901589061
2,drl_sharpe,2.0,-0.1821133454989251,-0.7648253657502758,0.30658058509004815,0.043016082381457085,0.06584046403095126,0.1835916039907879,-4.784404202134549,-4.399172417391101,-4.165906006184534,-0.15570841337936772,0.6201940556464645,2.927619826458117
2,drl_mdd_penalty,0.0,-0.21007603118009321,-0.8169312982327429,0.32460526558313996,0.050005669670701025,0.07006532435268163,0.21715019969550453,-5.290340245285679,-4.755921853208172,-3.762056398650667,-0.3239091375686833,0.6596925754536661,1.9027636665885026
2,drl_mdd_penalty,1.0,-0.17874193502449118,-0.7577557586067902,0.3183595597991084,0.04944305498540401,0.06509059258177877,0.19176200920510827,-4.514352652031926,-4.480147754138565,-3.9515426530408124,-0.02537737590159524,0.668549447910174,3.662695373961116
2,drl_mdd_penalty,2.0,-0.19374742821096752,-0.7878749228319331,0.3415589127831337,0.049644314050823445,0.0706999695777893,0.2079535434938295,-4.59644780484814,-4.385235553646259,-3.7887064081469295,-0.06684229401081529,0.7123880334120696,3.1369969720563895
2,mvo,,0.11497639731640168,0.11449687006871345,0.1422375682510672,0.015916730075005436,0.02453713391545514,0.12796098794153568,0.6258862782561331,0.6772264876896896,0.8947795098379995,0.0672288134826574,0.2534820848549615,-0.19530292805364408
2,equal_weight,,0.15292945115828654,0.15228114007110727,0.2201490087370739,0.017140448206316352,0.03797546727504948,0.23849695947840455,0.5558283235329524,0.5610402818888891,0.6385034861834205,0.03961333705880958,0.6287469735747818,-0.147255567742039
2,spy,,0.17712985088384733,0.1763713391241366,0.33725529503455315,0.03199145304902644,0.056343419628053434,0.33717273705917367,0.4241773014523728,0.4649365014580281,0.5230889681723689,,,
3,drl_simple,0.0,-0.05453511705309194,-0.054535117053091886,0.09972321885278836,0.01190507871992886,0.016084382003029953,0.08200307450834032,-0.7566648664080284,-0.9652281890831192,-0.6650374681688948,-0.14984282592141945,0.6348573758167395,-2.817225175371525
3,drl_simple,1.0,-0.039985510807356996,-0.039985510807357016,0.10036438675272036,0.01021369594760239,0.015542305156989742,0.059821171958828565,-0.5996691348276071,-0.834427069137299,-0.6684173762907339,-0.13614457242893205,0.6455103690381206,-2.6705703577240216
3,drl_simple,2.0,-0.05591509306889514,-0.055915093068895194,0.10046003843019449,0.011300979162082076,0.016229448216293865,0.08352914373674968,-0.7656546577790839,-1.0049920956153582,-0.6694081917697746,-0.15139585651644985,0.6354829303322216,-2.8040369684297834
3,drl_sharpe,0.0,-0.0024691136911005425,-0.0024691136911005884,0.09449314918985845,0.009618538800999521,0.014545517050073696,0.07239299914484948,-0.23124099908814472,-0.31920103501159197,-0.03410707831236824,-0.09589568721739249,0.6325500778502345,-2.2905862588901167
3,drl_sharpe,1.0,-0.021558118903975788,-0.021558118903975743,0.09470492653906058,0.010621516144946217,0.014067047169976511,0.07568254278665877,-0.4347441529936031,-0.6299555471817996,-0.28484929430484174,-0.11522787954754418,0.6326209644153172,-2.574093137529227
3,drl_sharpe,2.0,-0.013103916188706224,-0.01310391618870621,0.09346111263190571,0.009745384391769767,0.013762274255087744,0.06861079038667786,-0.3484770543919778,-0.4955801240534589,-0.1909891449268393,-0.10358008725482136,0.6120077828678347,-2.314335358487105
3,drl_mdd_penalty,0.0,-0.03632956659414693,-0.03632956659414688,0.09329846337521946,0.009422126269601285,0.014161443073302506,0.06886258060962253,-0.6043447886570802,-0.8514945393111808,-0.5275661509128857,-0.1283156417033682,0.6182380346583357,-2.728844020765779
3,drl_mdd_penalty,1.0,-0.053507398658087214,-0.05350739865808718,0.09510257130275299,0.010529097139015793,0.014932898654043673,0.07884764617129433,-0.7820046025150905,-1.0454766676747524,-0.6786175777758011,-0.1470341101662113,0.623196006665899,-2.942369171503775
3,drl_mdd_penalty,2.0,-0.03894175476281177,-0.03894175476281181,0.09577053949115213,0.010034896594174206,0.014599741746427922,0.07655547544205649,-0.6170873258222006,-0.8610308691825257,-0.5086736714513144,-0.1322887015025903,0.6267605087039579,-2.720365742620729
3,mvo,,-0.020650652209236276,-0.02065065220923623,0.11577533487311766,0.011685447088014477,0.01676422250949834,0.09282715045860196,-0.34761619936931515,-0.5010199882576587,-0.22246349378618258,-0.12787391129520453,0.7245211838860346,-2.2707209002609323
3,equal_weight,,0.026125228021435163,0.026125228021435243,0.0924002947085546,0.008992056445049728,0.013962381280861913,0.05624839537938665,0.06938582475492522,0.0970832364336588,0.46446174766808296,-0.06595428137988739,0.6211789259722497,-1.8568490171973222
3,spy,,0.15915753320805306,0.15915753320805304,0.1334413694126876,0.01422639094806331,0.019755914360298,0.08316744131342921,0.9615830091001192,1.321274225465262,1.9137000092168708,,,
4,drl_simple,0.0,-0.15388812767536952,-0.34929260396578277,0.17702482734416167,0.01889080619946122,0.02840441092953086,0.17565219163776943,-2.5367838865082506,-3.41156264546852,-1.9885468021150297,-0.19143521698457622,0.6090004149562843,-0.2921632107631424
4,drl_simple,1.0,-0.16006994969993515,-0.3614475248734248,0.1745206673004484,0.019119981983006,0.02800295393049717,0.17496816520250336,-2.6812294060333293,-3.708639647024095,-2.0657902222103965,-0.21624130911437106,0.5937923337271296,-0.4213911758109246
4,drl_simple,2.0,-0.1533409439354059,-0.3482099585299274,0.16243069859111134,0.016505990532115104,0.024661064863651994,0.1626658468192116,-2.7544750981684234,-3.980520398481795,-2.140645779915506,-0.2077082398827615,0.5631568421496604,-0.2701246679117053
4,drl_sharpe,0.0,-0.14326159107123057,-0.4011212647950054,0.1648469724334344,0.018219265079684556,0.023321111801452937,0.15034193630672538,-3.2276884564768826,-4.991979896402023,-2.668059722050166,-0.2948250739057955,0.6204734800689911,-1.3952833619831189
4,drl_sharpe,1.0,-0.14627853741390387,-0.334137566548494,0.16236516134230625,0.017424608687609436,0.02414293339073658,0.15290877424498633,-2.624027875688876,-4.023469656821255,-2.1852085872662075,-0.18735302601745646,0.5605870290346558,-0.11235677298517799
4,drl_sharpe,2.0,-0.14580277437749772,-0.40699103926882463,0.1563291556609309,0.01685536794401705,0.022715956715494395,0.15576784159975068,-3.4665593261130936,-5.27238377786996,-2.6128052818154734,-0.3267474567930336,0.5576126225990832,-1.2679288417772825
4,drl_mdd_penalty,0.0,-0.14109804708409934,-0.392123455340454,0.14986603679313962,0.01700913512557745,0.021622208625264466,0.1501817486869288,-3.450828509869276,-5.437893844900218,-2.6109927389238266,-0.3076940948691854,0.5431217678510936,-1.0986134216695984
4,drl_mdd_penalty,1.0,-0.13951291222925843,-0.21551067270006252,0.1552963002100969,0.01471664501056075,0.02055635472480208,0.15388716253647836,-1.6877468056539615,-2.7451238229702164,-1.4004460745643845,-0.14419831387079984,0.5717863480468269,-0.5563253524494463
4,drl_mdd_penalty,2.0,-0.16245931783232637,-0.3661081024106897,0.16253156271912297,0.01575564869634807,0.02431278880521655,0.17235955307750336,-2.9240804857393763,-4.372093537289326,-2.1240952176643506,-0.2390281577170461,0.5542724253738787,-0.4595080056018625
4,mvo,,-0.11036694071070327,-0.11119886509264643,0.19109333744420948,0.020070523443546828,0.026916233915624515,0.2581283390709032,-0.7182892341576349,-1.0806464468960228,-0.4307890621110846,-0.05754328172195374,0.704486211122633,-0.28658777658650136
4,equal_weight,,-0.10068905011325363,-0.10145225129769486,0.16824971072912626,0.016387128911530446,0.02185256178926574,0.21881783112300182,-0.7509906209319673,-1.2519837146415123,-0.46363795298138455,-0.05167888759290943,0.6456187060070294,-0.19991653362996015
4,spy,,-0.08145939294308772,-0.08208356180668663,0.24325643922204934,0.026739916072926702,0.034125870200094735,0.22094844605550135,-0.431756059655446,-0.6813836050533371,-0.37150549493372576,,,
5,drl_simple,0.0,-0.0014893161217712724,-0.0014952452138872196,0.10685083004804273,0.011278073293715715,0.013375370425100511,0.12923143168701073,-0.19536476642784426,-0.3250191842997712,-0.01157029055832637,-0.14958423217836048,0.6862987743306577,-2.922657521239222
5,drl_simple,1.0,-0.02693121748898691,-0.027037049471220098,0.10678303124202485,0.011463830888271333,0.013619853843290073,0.14500892368984572,-0.4381576153883712,-0.6980854554418755,-0.1864509354544873,-0.1763110910310456,0.6900709367978489,-3.311940316270494
5,drl_simple,2.0,-0.00010187147965981546,-0.00010227732137257917,0.10760446848413649,0.011217995815724134,0.013669405852143582,0.12885313510584892,-0.18104086264117192,-0.2976760665159395,-0.0007937511282791953,-0.1526484776978072,0.7069604566034585,-3.044532266844621
5,drl_sharpe,0.0,0.07532634509569679,0.07563752440384608,0.1056344896287864,0.010121761070936918,0.013072437264942206,0.1179524276436586,0.506794785455053,0.8463940835261443,0.6412544948405098,-0.07993674506881476,0.7083696934668322,-2.1149981765753103
5,drl_sharpe,1.0,0.04733797312788677,0.047530983508337954,0.10304043490645723,0.011099055407568812,0.013099628050052202,0.10543289933750014,0.2625903868046666,0.42034364698209903,0.4508173805994562,-0.10356658970029335,0.6951721378343773,-2.540467996646081
5,drl_sharpe,2.0,-0.0029067239201773097,-0.002918287579413925,0.10460421782413071,0.0110415454313159,0.0129964705320505,0.11765268926215507,-0.21319481941996438,-0.364997017816019,-0.024804257324805925,-0.15688139531833967,0.7135072270647018,-3.3818975042708486
5,drl_mdd_penalty,0.0,-0.13715358520278853,-0.19040387858974606,0.09948686054285541,0.011956785893253982,0.014526970251442657,0.1516682697003415,-2.3178768854168488,-3.348608782965278,-1.2553969196453314,-0.2777962427423025,0.6286878096565697,-4.226550311980563
5,drl_mdd_penalty,1.0,0.023949404222733724,0.02404595829178935,0.10047477641036304,0.00995291755273938,0.012882636565199267,0.10823715718500265,0.04362172940056112,0.06866115149238675,0.22215992102129192,-0.10759724696712902,0.6087688632622924,-2.348889047326201
5,drl_mdd_penalty,2.0,0.04366405399717309,0.04384177330766326,0.1060258694857472,0.01132138722166419,0.013472975868559802,0.10336731455278884,0.22192127928490804,0.3548978887681375,0.42413574830052897,-0.09982149642668733,0.6614655527670326,-2.2053014971610088
5,mvo,,0.0633911552931513,0.06365158245862523,0.1119893914787147,0.012183214034890914,0.015666769896816986,0.10010767008262945,0.37797646180708444,0.558959861769766,0.6358312245813617,-0.08893646723256234,0.6981465150355678,-1.945350885970844
5,equal_weight,,0.08072097496463697,0.08105526819820663,0.10210214756886311,0.010597822212237169,0.01268457655919574,0.10068128170165828,0.5735348610776402,0.9451899796144909,0.8050679016819826,-0.07152835968030721,0.6926857037386897,-2.0946887154791445
5,spy,,0.23976431090722555,0.2408263262585979,0.12666776467500634,0.01367053119309175,0.01567457027953302,0.09974305652236302,1.550505190313189,2.517801080168538,2.4144670782632685,,,
6,drl_simple,0.0,0.039795948915288024,0.039957624860162966,0.10198334804916122,0.009926831305772066,0.015587657197736774,0.06869929717460445,0.19416349952050968,0.25677896150431345,0.5816307663032949,-0.11883645126923194,0.6574229758299941,-2.753697955720548
6,drl_simple,1.0,0.08299610307981693,0.08334017670027416,0.10285693988303128,0.010451528296247126,0.015668038931718243,0.06402317563488479,0.5898532605609288,0.7773521558477167,1.3017188834173352,-0.0816922113995335,0.6729199779198642,-2.2645112544695043
6,drl_simple,2.0,0.10403035132912083,0.10446574814495846,0.10267652268405733,0.010291783762350678,0.015094753900686136,0.057230795816251366,0.7789824477289601,1.0407441206786732,1.8253415255723942,-0.06410276496640441,0.6800895587718176,-2.0477633638216948
6,drl_sharpe,0.0,0.0757352454176917,0.07604817292133226,0.0978621820894091,0.010487150240689518,0.014769838720388137,0.07171760863312411,0.5509452856344137,0.7466832650056568,1.0603835567128488,-0.07745262003673851,0.6271823016171514,-2.252887878360647
6,drl_sharpe,1.0,0.11702168414173872,0.11751428773448502,0.10010501201956737,0.010128389686346054,0.015278195413775168,0.05878899335524796,0.9163208491927944,1.1897260938342933,1.9989164812599192,-0.04518921142355465,0.6502654070810636,-1.7939464429669225
6,drl_sharpe,2.0,0.07559384829494947,0.07590617120483745,0.09821460764720198,0.009905983437597752,0.015297359818162826,0.05945666025742623,0.5476245794482199,0.709951924498993,1.2766638905749277,-0.07861013026419697,0.6314490142466377,-2.2691349396402876
6,drl_mdd_penalty,0.0,0.10827732830941995,0.10873135955201607,0.07703290930092636,0.008123682731064036,0.011230948901803305,0.04646125351307383,1.0883389954480203,1.5109299314617817,2.340258846469132,0.02824154565027019,0.31193100220807807,-1.2453980159602667
6,drl_mdd_penalty,1.0,0.08883196591194435,0.08920121425468941,0.07914049755644413,0.008313438987918198,0.011460109010209829,0.0531331907803195,0.8347947690966697,1.167149588733696,1.6788228401997172,0.006090992125902728,0.3301484958882159,-1.4223751104515694
6,drl_mdd_penalty,2.0,0.109647833961685,0.11010789247164765,0.08140927554819301,0.008643990423902868,0.011787753225067773,0.04754484518754513,1.0450736381847743,1.4666572974334768,2.3158744557336695,0.02422882045612074,0.3337880193278643,-1.2350800807684823
6,mvo,,0.24166098258761906,0.24273219141798785,0.09328874453369314,0.009280397636873026,0.01330545151645272,0.045065777509910546,2.12173305207932,2.928707898974971,5.386175604417518,0.0705291424234532,0.6106874521219133,-0.32074885958406535
6,equal_weight,,0.1414849629410265,0.14208692527679,0.09588989915216149,0.010257392619980672,0.01411566973566945,0.04884894925364923,1.1834270637346123,1.5989353014309275,2.9086997253308473,-0.017652682229760432,0.6261923426465335,-1.4981188166252881
6,spy,,0.270491090994396,0.27170346202406614,0.1278819216448533,0.013884064026657567,0.019167828474133078,0.08405617321056426,1.7279908239672008,2.2266344905587934,3.2324034231660477,,,
7,drl_simple,0.0,0.1414136103783489,0.14201525067217902,0.12806007484585755,0.009916317315399648,0.01923787422592823,0.1372273111293145,0.8856463842359082,1.0276364187895635,1.0348905731917508,0.05067828798827974,0.5872322325891877,-0.06993189579758033
7,drl_simple,1.0,0.11749560507412628,0.11799030703086633,0.13154111611408364,0.010716282321885227,0.01944210952348434,0.13357806572613026,0.7005732067098854,0.8263923915123084,0.8833060007978938,0.025750996113780195,0.6134453139525262,-0.29642540124584715
7,drl_simple,2.0,0.12557663793766558,0.12610724351786007,0.12078051030648203,0.010099927801266312,0.017396694071820148,0.12748730993533028,0.8228831339981026,1.0552707148067384,0.9891748722428118,0.041240851351661334,0.5544061907408984,-0.20331893128268655
7,drl_sharpe,0.0,0.191207375739842,0.19203803355294569,0.11599098294213699,0.00840118766129017,0.016421597494586153,0.10336370401936487,1.3473974292364679,1.8115816953555184,1.8578865315910889,0.09949664412809676,0.5446942004699051,0.3527246304238258
7,drl_sharpe,1.0,0.1354916992876489,0.1360666740147145,0.12335570700076999,0.010233037308603525,0.01787667793138669,0.12512090058654185,0.8770853807678656,1.1477614657402577,1.0874815748357074,0.04622303815353754,0.5817457667045849,-0.12677061416699736
7,drl_sharpe,2.0,0.1923402883286588,0.19317625504834646,0.12240335584235618,0.009602584986388683,0.016546103419821996,0.10431871212130307,1.2846081621236607,1.745965491984337,1.8517891097401467,0.09586238597731182,0.5775087655674509,0.3786616600681526
7,drl_mdd_penalty,0.0,0.14049424996351095,0.14109174242252331,0.12084500834561637,0.010506309097632767,0.017733375417785004,0.10853681880113794,0.931829549446335,1.160058957888129,1.2999435950028422,0.05181828479913675,0.5732945479369379,-0.08111602418529638
7,drl_mdd_penalty,1.0,0.08564633017581232,0.08600182078000729,0.12109020182185523,0.010026707929372786,0.018378916867077353,0.12857971701751258,0.5213004347771704,0.6420751913843173,0.6688599319929582,0.0031951677743570816,0.5671483616835024,-0.5768798654845171
7,drl_mdd_penalty,2.0,0.14403716378484516,0.14465065692737866,0.12416919385209918,0.009641195473819971,0.017988938744251545,0.12678805261901693,0.9319619504340417,1.1755468643350258,1.1408855482782494,0.05452161497236333,0.57623144815098,-0.04744708792411309
7,mvo,,0.23883517253250536,0.23989268843570288,0.0800124407520544,0.006577581918943218,0.010781147973090514,0.04119866658458224,2.4451986366446916,3.2258668621542963,5.822826521416541,0.19446158942131406,0.14705263394375045,0.4172342941304465
7,equal_weight,,0.210636532989684,0.2115588310271097,0.11518657043730922,0.00901004653770161,0.01606135565129696,0.10707108758378978,1.4978247609826756,1.9858640058526393,1.9758726263198902,0.11517880839903333,0.5487073375007661,0.5250143274054277
7,spy,,0.14944710224601102,0.1500851126926963,0.19202788019844136,0.016864013440674445,0.028259995895152268,0.18755242410695117,0.6272913459377115,0.7710670486144662,0.8002301938102957,,,
